text,date,true_topic
스마트폰 신제품이 출시되며 소비자 관심이 집중되었다,2019-01-01,기술
스마트폰 신제품이 출시되며 소비자 관심이 집중되었다,2019-01-02,기술
인공지능 기술이 다양한 산업에 적용되고 있다,2019-01-02,기술
스마트폰 신제품이 출시되며 소비자 관심이 집중되었다,2019-01-03,기술
중앙은행이 기준금리를 동결하며 경제 안정을 도모했다,2019-01-04,경제
중앙은행이 기준금리를 동결하며 경제 안정을 도모했다,2019-01-05,경제
스마트폰 신제품이 출시되며 소비자 관심이 집중되었다,2019-01-05,기술
수출이 증가하며 무역 흑자가 확대되었다,2019-01-06,경제
인공지능 기술이 다양한 산업에 적용되고 있다,2019-01-07,기술
인공지능 기술이 다양한 산업에 적용되고 있다,2019-01-08,기술
재택근무가 확산되며 업무 환경이 변화하고 있다,2019-01-09,재택근무
스마트폰 신제품이 출시되며 소비자 관심이 집중되었다,2019-01-10,기술
화상회의 플랫폼 사용이 급증했다,2019-01-10,재택근무
화상회의 플랫폼 사용이 급증했다,2019-01-11,재택근무
주식 시장이 상승세를 보이며 투자자들의 관심이 높아지고 있다,2019-01-11,경제
스마트폰 신제품이 출시되며 소비자 관심이 집중되었다,2019-01-12,기술
중앙은행이 기준금리를 동결하며 경제 안정을 도모했다,2019-01-12,경제
인공지능 기술이 다양한 산업에 적용되고 있다,2019-01-15,기술
스마트폰 신제품이 출시되며 소비자 관심이 집중되었다,2019-01-16,기술
중앙은행이 기준금리를 동결하며 경제 안정을 도모했다,2019-01-17,경제
화상회의 플랫폼 사용이 급증했다,2019-01-17,재택근무
수출이 증가하며 무역 흑자가 확대되었다,2019-01-18,경제
스마트폰 신제품이 출시되며 소비자 관심이 집중되었다,2019-01-20,기술
인공지능 기술이 다양한 산업에 적용되고 있다,2019-01-22,기술
인공지능 기술이 다양한 산업에 적용되고 있다,2019-01-22,기술
스마트폰 신제품이 출시되며 소비자 관심이 집중되었다,2019-01-23,기술
수출이 증가하며 무역 흑자가 확대되었다,2019-01-25,경제
수출이 증가하며 무역 흑자가 확대되었다,2019-01-29,경제
스마트폰 신제품이 출시되며 소비자 관심이 집중되었다,2019-02-03,기술
수출이 증가하며 무역 흑자가 확대되었다,2019-02-06,경제
중앙은행이 기준금리를 동결하며 경제 안정을 도모했다,2019-02-06,경제
재택근무가 확산되며 업무 환경이 변화하고 있다,2019-02-07,재택근무
주식 시장이 상승세를 보이며 투자자들의 관심이 높아지고 있다,2019-02-07,경제
인공지능 기술이 다양한 산업에 적용되고 있다,2019-02-08,기술
주식 시장이 상승세를 보이며 투자자들의 관심이 높아지고 있다,2019-02-08,경제
재택근무가 확산되며 업무 환경이 변화하고 있다,2019-02-08,재택근무
수출이 증가하며 무역 흑자가 확대되었다,2019-02-10,경제
스마트폰 신제품이 출시되며 소비자 관심이 집중되었다,2019-02-16,기술
스마트폰 신제품이 출시되며 소비자 관심이 집중되었다,2019-02-16,기술
인공지능 기술이 다양한 산업에 적용되고 있다,2019-02-16,기술
스마트폰 신제품이 출시되며 소비자 관심이 집중되었다,2019-02-18,기술
주식 시장이 상승세를 보이며 투자자들의 관심이 높아지고 있다,2019-02-20,경제
재택근무가 확산되며 업무 환경이 변화하고 있다,2019-02-23,재택근무
중앙은행이 기준금리를 동결하며 경제 안정을 도모했다,2019-02-24,경제
화상회의 플랫폼 사용이 급증했다,2019-02-24,재택근무
중앙은행이 기준금리를 동결하며 경제 안정을 도모했다,2019-02-27,경제
수출이 증가하며 무역 흑자가 확대되었다,2019-03-02,경제
중앙은행이 기준금리를 동결하며 경제 안정을 도모했다,2019-03-02,경제
스마트폰 신제품이 출시되며 소비자 관심이 집중되었다,2019-03-02,기술
인공지능 기술이 다양한 산업에 적용되고 있다,2019-03-03,기술
수출이 증가하며 무역 흑자가 확대되었다,2019-03-04,경제
주식 시장이 상승세를 보이며 투자자들의 관심이 높아지고 있다,2019-03-06,경제
스마트폰 신제품이 출시되며 소비자 관심이 집중되었다,2019-03-08,기술
인공지능 기술이 다양한 산업에 적용되고 있다,2019-03-08,기술
화상회의 플랫폼 사용이 급증했다,2019-03-10,재택근무
주식 시장이 상승세를 보이며 투자자들의 관심이 높아지고 있다,2019-03-14,경제
재택근무가 확산되며 업무 환경이 변화하고 있다,2019-03-16,재택근무
중앙은행이 기준금리를 동결하며 경제 안정을 도모했다,2019-03-17,경제
인공지능 기술이 다양한 산업에 적용되고 있다,2019-03-19,기술
인공지능 기술이 다양한 산업에 적용되고 있다,2019-03-21,기술
화상회의 플랫폼 사용이 급증했다,2019-03-22,재택근무
재택근무가 확산되며 업무 환경이 변화하고 있다,2019-03-23,재택근무
화상회의 플랫폼 사용이 급증했다,2019-03-23,재택근무
주식 시장이 상승세를 보이며 투자자들의 관심이 높아지고 있다,2019-03-27,경제
인공지능 기술이 다양한 산업에 적용되고 있다,2019-03-28,기술
인공지능 기술이 다양한 산업에 적용되고 있다,2019-03-28,기술
인공지능 기술이 다양한 산업에 적용되고 있다,2019-03-28,기술
중앙은행이 기준금리를 동결하며 경제 안정을 도모했다,2019-03-29,경제
수출이 증가하며 무역 흑자가 확대되었다,2019-04-01,경제
재택근무가 확산되며 업무 환경이 변화하고 있다,2019-04-02,재택근무
중앙은행이 기준금리를 동결하며 경제 안정을 도모했다,2019-04-02,경제
스마트폰 신제품이 출시되며 소비자 관심이 집중되었다,2019-04-05,기술
중앙은행이 기준금리를 동결하며 경제 안정을 도모했다,2019-04-05,경제
화상회의 플랫폼 사용이 급증했다,2019-04-06,재택근무
중앙은행이 기준금리를 동결하며 경제 안정을 도모했다,2019-04-08,경제
인공지능 기술이 다양한 산업에 적용되고 있다,2019-04-08,기술
인공지능 기술이 다양한 산업에 적용되고 있다,2019-04-09,기술
스마트폰 신제품이 출시되며 소비자 관심이 집중되었다,2019-04-09,기술
인공지능 기술이 다양한 산업에 적용되고 있다,2019-04-12,기술
인공지능 기술이 다양한 산업에 적용되고 있다,2019-04-14,기술
인공지능 기술이 다양한 산업에 적용되고 있다,2019-04-15,기술
주식 시장이 상승세를 보이며 투자자들의 관심이 높아지고 있다,2019-04-16,경제
재택근무가 확산되며 업무 환경이 변화하고 있다,2019-04-17,재택근무
스마트폰 신제품이 출시되며 소비자 관심이 집중되었다,2019-04-18,기술
스마트폰 신제품이 출시되며 소비자 관심이 집중되었다,2019-04-21,기술
재택근무가 확산되며 업무 환경이 변화하고 있다,2019-04-21,재택근무
수출이 증가하며 무역 흑자가 확대되었다,2019-04-21,경제
인공지능 기술이 다양한 산업에 적용되고 있다,2019-04-24,기술
중앙은행이 기준금리를 동결하며 경제 안정을 도모했다,2019-04-24,경제
주식 시장이 상승세를 보이며 투자자들의 관심이 높아지고 있다,2019-04-24,경제
중앙은행이 기준금리를 동결하며 경제 안정을 도모했다,2019-04-25,경제
수출이 증가하며 무역 흑자가 확대되었다,2019-04-27,경제
주식 시장이 상승세를 보이며 투자자들의 관심이 높아지고 있다,2019-04-29,경제
재택근무가 확산되며 업무 환경이 변화하고 있다,2019-05-02,재택근무
중앙은행이 기준금리를 동결하며 경제 안정을 도모했다,2019-05-02,경제
화상회의 플랫폼 사용이 급증했다,2019-05-02,재택근무
중앙은행이 기준금리를 동결하며 경제 안정을 도모했다,2019-05-03,경제
주식 시장이 상승세를 보이며 투자자들의 관심이 높아지고 있다,2019-05-04,경제
화상회의 플랫폼 사용이 급증했다,2019-05-06,재택근무
주식 시장이 상승세를 보이며 투자자들의 관심이 높아지고 있다,2019-05-08,경제
중앙은행이 기준금리를 동결하며 경제 안정을 도모했다,2019-05-08,경제
중앙은행이 기준금리를 동결하며 경제 안정을 도모했다,2019-05-08,경제
인공지능 기술이 다양한 산업에 적용되고 있다,2019-05-09,기술
인공지능 기술이 다양한 산업에 적용되고 있다,2019-05-09,기술
수출이 증가하며 무역 흑자가 확대되었다,2019-05-10,경제
주식 시장이 상승세를 보이며 투자자들의 관심이 높아지고 있다,2019-05-10,경제
스마트폰 신제품이 출시되며 소비자 관심이 집중되었다,2019-05-11,기술
수출이 증가하며 무역 흑자가 확대되었다,2019-05-13,경제
재택근무가 확산되며 업무 환경이 변화하고 있다,2019-05-14,재택근무
수출이 증가하며 무역 흑자가 확대되었다,2019-05-14,경제
화상회의 플랫폼 사용이 급증했다,2019-05-15,재택근무
스마트폰 신제품이 출시되며 소비자 관심이 집중되었다,2019-05-16,기술
화상회의 플랫폼 사용이 급증했다,2019-05-18,재택근무
재택근무가 확산되며 업무 환경이 변화하고 있다,2019-05-19,재택근무
중앙은행이 기준금리를 동결하며 경제 안정을 도모했다,2019-05-21,경제
재택근무가 확산되며 업무 환경이 변화하고 있다,2019-05-23,재택근무
스마트폰 신제품이 출시되며 소비자 관심이 집중되었다,2019-05-23,기술
인공지능 기술이 다양한 산업에 적용되고 있다,2019-05-23,기술
인공지능 기술이 다양한 산업에 적용되고 있다,2019-05-24,기술
주식 시장이 상승세를 보이며 투자자들의 관심이 높아지고 있다,2019-05-25,경제
수출이 증가하며 무역 흑자가 확대되었다,2019-05-27,경제
스마트폰 신제품이 출시되며 소비자 관심이 집중되었다,2019-05-28,기술
중앙은행이 기준금리를 동결하며 경제 안정을 도모했다,2019-05-29,경제
중앙은행이 기준금리를 동결하며 경제 안정을 도모했다,2019-05-29,경제
화상회의 플랫폼 사용이 급증했다,2019-05-31,재택근무
주식 시장이 상승세를 보이며 투자자들의 관심이 높아지고 있다,2019-05-31,경제
인공지능 기술이 다양한 산업에 적용되고 있다,2019-06-01,기술
스마트폰 신제품이 출시되며 소비자 관심이 집중되었다,2019-06-04,기술
중앙은행이 기준금리를 동결하며 경제 안정을 도모했다,2019-06-04,경제
화상회의 플랫폼 사용이 급증했다,2019-06-05,재택근무
주식 시장이 상승세를 보이며 투자자들의 관심이 높아지고 있다,2019-06-06,경제
수출이 증가하며 무역 흑자가 확대되었다,2019-06-08,경제
중앙은행이 기준금리를 동결하며 경제 안정을 도모했다,2019-06-10,경제
인공지능 기술이 다양한 산업에 적용되고 있다,2019-06-11,기술
중앙은행이 기준금리를 동결하며 경제 안정을 도모했다,2019-06-11,경제
중앙은행이 기준금리를 동결하며 경제 안정을 도모했다,2019-06-14,경제
수출이 증가하며 무역 흑자가 확대되었다,2019-06-19,경제
중앙은행이 기준금리를 동결하며 경제 안정을 도모했다,2019-06-21,경제
스마트폰 신제품이 출시되며 소비자 관심이 집중되었다,2019-06-22,기술
중앙은행이 기준금리를 동결하며 경제 안정을 도모했다,2019-06-26,경제
인공지능 기술이 다양한 산업에 적용되고 있다,2019-06-26,기술
스마트폰 신제품이 출시되며 소비자 관심이 집중되었다,2019-06-30,기술
수출이 증가하며 무역 흑자가 확대되었다,2019-07-02,경제
인공지능 기술이 다양한 산업에 적용되고 있다,2019-07-02,기술
화상회의 플랫폼 사용이 급증했다,2019-07-05,재택근무
주식 시장이 상승세를 보이며 투자자들의 관심이 높아지고 있다,2019-07-06,경제
수출이 증가하며 무역 흑자가 확대되었다,2019-07-06,경제
스마트폰 신제품이 출시되며 소비자 관심이 집중되었다,2019-07-07,기술
스마트폰 신제품이 출시되며 소비자 관심이 집중되었다,2019-07-09,기술
주식 시장이 상승세를 보이며 투자자들의 관심이 높아지고 있다,2019-07-09,경제
중앙은행이 기준금리를 동결하며 경제 안정을 도모했다,2019-07-09,경제
화상회의 플랫폼 사용이 급증했다,2019-07-13,재택근무
수출이 증가하며 무역 흑자가 확대되었다,2019-07-15,경제
수출이 증가하며 무역 흑자가 확대되었다,2019-07-17,경제
스마트폰 신제품이 출시되며 소비자 관심이 집중되었다,2019-07-18,기술
스마트폰 신제품이 출시되며 소비자 관심이 집중되었다,2019-07-21,기술
중앙은행이 기준금리를 동결하며 경제 안정을 도모했다,2019-07-22,경제
주식 시장이 상승세를 보이며 투자자들의 관심이 높아지고 있다,2019-07-24,경제
수출이 증가하며 무역 흑자가 확대되었다,2019-07-24,경제
주식 시장이 상승세를 보이며 투자자들의 관심이 높아지고 있다,2019-07-28,경제
화상회의 플랫폼 사용이 급증했다,2019-07-29,재택근무
주식 시장이 상승세를 보이며 투자자들의 관심이 높아지고 있다,2019-07-30,경제
중앙은행이 기준금리를 동결하며 경제 안정을 도모했다,2019-08-02,경제
재택근무가 확산되며 업무 환경이 변화하고 있다,2019-08-04,재택근무
스마트폰 신제품이 출시되며 소비자 관심이 집중되었다,2019-08-04,기술
스마트폰 신제품이 출시되며 소비자 관심이 집중되었다,2019-08-05,기술
스마트폰 신제품이 출시되며 소비자 관심이 집중되었다,2019-08-05,기술
스마트폰 신제품이 출시되며 소비자 관심이 집중되었다,2019-08-11,기술
주식 시장이 상승세를 보이며 투자자들의 관심이 높아지고 있다,2019-08-14,경제
주식 시장이 상승세를 보이며 투자자들의 관심이 높아지고 있다,2019-08-14,경제
중앙은행이 기준금리를 동결하며 경제 안정을 도모했다,2019-08-15,경제
스마트폰 신제품이 출시되며 소비자 관심이 집중되었다,2019-08-16,기술
스마트폰 신제품이 출시되며 소비자 관심이 집중되었다,2019-08-19,기술
스마트폰 신제품이 출시되며 소비자 관심이 집중되었다,2019-08-19,기술
인공지능 기술이 다양한 산업에 적용되고 있다,2019-08-20,기술
주식 시장이 상승세를 보이며 투자자들의 관심이 높아지고 있다,2019-08-23,경제
수출이 증가하며 무역 흑자가 확대되었다,2019-08-25,경제
인공지능 기술이 다양한 산업에 적용되고 있다,2019-08-25,기술
스마트폰 신제품이 출시되며 소비자 관심이 집중되었다,2019-08-26,기술
중앙은행이 기준금리를 동결하며 경제 안정을 도모했다,2019-08-30,경제
인공지능 기술이 다양한 산업에 적용되고 있다,2019-08-30,기술
수출이 증가하며 무역 흑자가 확대되었다,2019-09-01,경제
스마트폰 신제품이 출시되며 소비자 관심이 집중되었다,2019-09-02,기술
주식 시장이 상승세를 보이며 투자자들의 관심이 높아지고 있다,2019-09-03,경제
인공지능 기술이 다양한 산업에 적용되고 있다,2019-09-04,기술
스마트폰 신제품이 출시되며 소비자 관심이 집중되었다,2019-09-06,기술
스마트폰 신제품이 출시되며 소비자 관심이 집중되었다,2019-09-07,기술
화상회의 플랫폼 사용이 급증했다,2019-09-10,재택근무
스마트폰 신제품이 출시되며 소비자 관심이 집중되었다,2019-09-11,기술
수출이 증가하며 무역 흑자가 확대되었다,2019-09-15,경제
중앙은행이 기준금리를 동결하며 경제 안정을 도모했다,2019-09-16,경제
주식 시장이 상승세를 보이며 투자자들의 관심이 높아지고 있다,2019-09-18,경제
스마트폰 신제품이 출시되며 소비자 관심이 집중되었다,2019-09-18,기술
스마트폰 신제품이 출시되며 소비자 관심이 집중되었다,2019-09-20,기술
스마트폰 신제품이 출시되며 소비자 관심이 집중되었다,2019-09-21,기술
재택근무가 확산되며 업무 환경이 변화하고 있다,2019-09-23,재택근무
인공지능 기술이 다양한 산업에 적용되고 있다,2019-09-25,기술
스마트폰 신제품이 출시되며 소비자 관심이 집중되었다,2019-09-30,기술
스마트폰 신제품이 출시되며 소비자 관심이 집중되었다,2019-10-01,기술
화상회의 플랫폼 사용이 급증했다,2019-10-03,재택근무
인공지능 기술이 다양한 산업에 적용되고 있다,2019-10-06,기술
스마트폰 신제품이 출시되며 소비자 관심이 집중되었다,2019-10-07,기술
중앙은행이 기준금리를 동결하며 경제 안정을 도모했다,2019-10-07,경제
인공지능 기술이 다양한 산업에 적용되고 있다,2019-10-11,기술
재택근무가 확산되며 업무 환경이 변화하고 있다,2019-10-13,재택근무
스마트폰 신제품이 출시되며 소비자 관심이 집중되었다,2019-10-16,기술
중앙은행이 기준금리를 동결하며 경제 안정을 도모했다,2019-10-16,경제
수출이 증가하며 무역 흑자가 확대되었다,2019-10-22,경제
중앙은행이 기준금리를 동결하며 경제 안정을 도모했다,2019-10-29,경제
스마트폰 신제품이 출시되며 소비자 관심이 집중되었다,2019-10-30,기술
스마트폰 신제품이 출시되며 소비자 관심이 집중되었다,2019-10-31,기술
화상회의 플랫폼 사용이 급증했다,2019-11-01,재택근무
스마트폰 신제품이 출시되며 소비자 관심이 집중되었다,2019-11-04,기술
인공지능 기술이 다양한 산업에 적용되고 있다,2019-11-05,기술
재택근무가 확산되며 업무 환경이 변화하고 있다,2019-11-07,재택근무
중앙은행이 기준금리를 동결하며 경제 안정을 도모했다,2019-11-07,경제
재택근무가 확산되며 업무 환경이 변화하고 있다,2019-11-08,재택근무
주식 시장이 상승세를 보이며 투자자들의 관심이 높아지고 있다,2019-11-09,경제
재택근무가 확산되며 업무 환경이 변화하고 있다,2019-11-10,재택근무
재택근무가 확산되며 업무 환경이 변화하고 있다,2019-11-11,재택근무
스마트폰 신제품이 출시되며 소비자 관심이 집중되었다,2019-11-13,기술
스마트폰 신제품이 출시되며 소비자 관심이 집중되었다,2019-11-14,기술
수출이 증가하며 무역 흑자가 확대되었다,2019-11-14,경제
주식 시장이 상승세를 보이며 투자자들의 관심이 높아지고 있다,2019-11-17,경제
인공지능 기술이 다양한 산업에 적용되고 있다,2019-11-20,기술
인공지능 기술이 다양한 산업에 적용되고 있다,2019-11-23,기술
재택근무가 확산되며 업무 환경이 변화하고 있다,2019-11-25,재택근무
인공지능 기술이 다양한 산업에 적용되고 있다,2019-11-27,기술
재택근무가 확산되며 업무 환경이 변화하고 있다,2019-11-30,재택근무
수출이 증가하며 무역 흑자가 확대되었다,2019-11-30,경제
화상회의 플랫폼 사용이 급증했다,2019-12-01,재택근무
인공지능 기술이 다양한 산업에 적용되고 있다,2019-12-01,기술
인공지능 기술이 다양한 산업에 적용되고 있다,2019-12-02,기술
중앙은행이 기준금리를 동결하며 경제 안정을 도모했다,2019-12-02,경제
주식 시장이 상승세를 보이며 투자자들의 관심이 높아지고 있다,2019-12-03,경제
재택근무가 확산되며 업무 환경이 변화하고 있다,2019-12-04,재택근무
주식 시장이 상승세를 보이며 투자자들의 관심이 높아지고 있다,2019-12-04,경제
인공지능 기술이 다양한 산업에 적용되고 있다,2019-12-05,기술
인공지능 기술이 다양한 산업에 적용되고 있다,2019-12-05,기술
스마트폰 신제품이 출시되며 소비자 관심이 집중되었다,2019-12-06,기술
주식 시장이 상승세를 보이며 투자자들의 관심이 높아지고 있다,2019-12-07,경제
주식 시장이 상승세를 보이며 투자자들의 관심이 높아지고 있다,2019-12-08,경제
재택근무가 확산되며 업무 환경이 변화하고 있다,2019-12-15,재택근무
수출이 증가하며 무역 흑자가 확대되었다,2019-12-16,경제
수출이 증가하며 무역 흑자가 확대되었다,2019-12-16,경제
인공지능 기술이 다양한 산업에 적용되고 있다,2019-12-19,기술
재택근무가 확산되며 업무 환경이 변화하고 있다,2019-12-19,재택근무
스마트폰 신제품이 출시되며 소비자 관심이 집중되었다,2019-12-20,기술
재택근무가 확산되며 업무 환경이 변화하고 있다,2019-12-22,재택근무
스마트폰 신제품이 출시되며 소비자 관심이 집중되었다,2019-12-22,기술
중앙은행이 기준금리를 동결하며 경제 안정을 도모했다,2019-12-23,경제
스마트폰 신제품이 출시되며 소비자 관심이 집중되었다,2019-12-26,기술
주식 시장이 상승세를 보이며 투자자들의 관심이 높아지고 있다,2019-12-29,경제
중앙은행이 기준금리를 동결하며 경제 안정을 도모했다,2019-12-30,경제
화상회의 플랫폼 사용이 급증했다,2020-01-01,재택근무
코로나19 확진자가 급증하며 방역 조치가 강화되었다,2020-01-06,코로나
코로나19 확진자가 급증하며 방역 조치가 강화되었다,2020-01-09,코로나
스마트폰 신제품이 출시되며 소비자 관심이 집중되었다,2020-01-09,기술
사회적 거리두기로 인해 자영업자들이 어려움을 겪고 있다,2020-01-09,코로나
백신 접종이 시작되며 집단 면역에 대한 기대가 높아졌다,2020-01-10,코로나
인공지능 기술이 다양한 산업에 적용되고 있다,2020-01-12,기술
백신 접종이 시작되며 집단 면역에 대한 기대가 높아졌다,2020-01-13,코로나
주식 시장이 상승세를 보이며 투자자들의 관심이 높아지고 있다,2020-01-15,경제
사회적 거리두기로 인해 자영업자들이 어려움을 겪고 있다,2020-01-16,코로나
백신 접종이 시작되며 집단 면역에 대한 기대가 높아졌다,2020-01-20,코로나
화상회의 플랫폼 사용이 급증했다,2020-01-23,재택근무
화상회의 플랫폼 사용이 급증했다,2020-01-25,재택근무
화상회의 플랫폼 사용이 급증했다,2020-01-28,재택근무
인공지능 기술이 다양한 산업에 적용되고 있다,2020-01-31,기술
사회적 거리두기로 인해 자영업자들이 어려움을 겪고 있다,2020-01-31,코로나
재택근무가 확산되며 업무 환경이 변화하고 있다,2020-01-31,재택근무
인공지능 기술이 다양한 산업에 적용되고 있다,2020-02-01,기술
재택근무가 확산되며 업무 환경이 변화하고 있다,2020-02-01,재택근무
재택근무가 확산되며 업무 환경이 변화하고 있다,2020-02-01,재택근무
재택근무가 확산되며 업무 환경이 변화하고 있다,2020-02-03,재택근무
사회적 거리두기로 인해 자영업자들이 어려움을 겪고 있다,2020-02-03,코로나
백신 접종이 시작되며 집단 면역에 대한 기대가 높아졌다,2020-02-03,코로나
수출이 증가하며 무역 흑자가 확대되었다,2020-02-04,경제
사회적 거리두기로 인해 자영업자들이 어려움을 겪고 있다,2020-02-05,코로나
코로나19 확진자가 급증하며 방역 조치가 강화되었다,2020-02-05,코로나
사회적 거리두기로 인해 자영업자들이 어려움을 겪고 있다,2020-02-05,코로나
중앙은행이 기준금리를 동결하며 경제 안정을 도모했다,2020-02-05,경제
사회적 거리두기로 인해 자영업자들이 어려움을 겪고 있다,2020-02-06,코로나
수출이 증가하며 무역 흑자가 확대되었다,2020-02-09,경제
중앙은행이 기준금리를 동결하며 경제 안정을 도모했다,2020-02-09,경제
인공지능 기술이 다양한 산업에 적용되고 있다,2020-02-10,기술
코로나19 확진자가 급증하며 방역 조치가 강화되었다,2020-02-11,코로나
주식 시장이 상승세를 보이며 투자자들의 관심이 높아지고 있다,2020-02-12,경제
주식 시장이 상승세를 보이며 투자자들의 관심이 높아지고 있다,2020-02-17,경제
수출이 증가하며 무역 흑자가 확대되었다,2020-02-17,경제
주식 시장이 상승세를 보이며 투자자들의 관심이 높아지고 있다,2020-02-18,경제
스마트폰 신제품이 출시되며 소비자 관심이 집중되었다,2020-02-23,기술
사회적 거리두기로 인해 자영업자들이 어려움을 겪고 있다,2020-02-23,코로나
주식 시장이 상승세를 보이며 투자자들의 관심이 높아지고 있다,2020-02-24,경제
사회적 거리두기로 인해 자영업자들이 어려움을 겪고 있다,2020-02-25,코로나
사회적 거리두기로 인해 자영업자들이 어려움을 겪고 있다,2020-02-26,코로나
코로나19 확진자가 급증하며 방역 조치가 강화되었다,2020-02-29,코로나
백신 접종이 시작되며 집단 면역에 대한 기대가 높아졌다,2020-03-02,코로나
백신 접종이 시작되며 집단 면역에 대한 기대가 높아졌다,2020-03-07,코로나
중앙은행이 기준금리를 동결하며 경제 안정을 도모했다,2020-03-07,경제
인공지능 기술이 다양한 산업에 적용되고 있다,2020-03-11,기술
재택근무가 확산되며 업무 환경이 변화하고 있다,2020-03-13,재택근무
화상회의 플랫폼 사용이 급증했다,2020-03-17,재택근무
백신 접종이 시작되며 집단 면역에 대한 기대가 높아졌다,2020-03-18,코로나
사회적 거리두기로 인해 자영업자들이 어려움을 겪고 있다,2020-03-20,코로나
백신 접종이 시작되며 집단 면역에 대한 기대가 높아졌다,2020-03-20,코로나
수출이 증가하며 무역 흑자가 확대되었다,2020-03-20,경제
사회적 거리두기로 인해 자영업자들이 어려움을 겪고 있다,2020-03-21,코로나
사회적 거리두기로 인해 자영업자들이 어려움을 겪고 있다,2020-03-24,코로나
백신 접종이 시작되며 집단 면역에 대한 기대가 높아졌다,2020-03-24,코로나
재택근무가 확산되며 업무 환경이 변화하고 있다,2020-03-28,재택근무
사회적 거리두기로 인해 자영업자들이 어려움을 겪고 있다,2020-03-28,코로나
사회적 거리두기로 인해 자영업자들이 어려움을 겪고 있다,2020-03-28,코로나
재택근무가 확산되며 업무 환경이 변화하고 있다,2020-03-29,재택근무
스마트폰 신제품이 출시되며 소비자 관심이 집중되었다,2020-03-30,기술
코로나19 확진자가 급증하며 방역 조치가 강화되었다,2020-03-30,코로나
코로나19 확진자가 급증하며 방역 조치가 강화되었다,2020-04-01,코로나
수출이 증가하며 무역 흑자가 확대되었다,2020-04-01,경제
사회적 거리두기로 인해 자영업자들이 어려움을 겪고 있다,2020-04-01,코로나
화상회의 플랫폼 사용이 급증했다,2020-04-03,재택근무
화상회의 플랫폼 사용이 급증했다,2020-04-03,재택근무
코로나19 확진자가 급증하며 방역 조치가 강화되었다,2020-04-04,코로나
수출이 증가하며 무역 흑자가 확대되었다,2020-04-04,경제
코로나19 확진자가 급증하며 방역 조치가 강화되었다,2020-04-07,코로나
사회적 거리두기로 인해 자영업자들이 어려움을 겪고 있다,2020-04-10,코로나
주식 시장이 상승세를 보이며 투자자들의 관심이 높아지고 있다,2020-04-11,경제
백신 접종이 시작되며 집단 면역에 대한 기대가 높아졌다,2020-04-14,코로나
중앙은행이 기준금리를 동결하며 경제 안정을 도모했다,2020-04-15,경제
사회적 거리두기로 인해 자영업자들이 어려움을 겪고 있다,2020-04-17,코로나
인공지능 기술이 다양한 산업에 적용되고 있다,2020-04-19,기술
코로나19 확진자가 급증하며 방역 조치가 강화되었다,2020-04-20,코로나
인공지능 기술이 다양한 산업에 적용되고 있다,2020-04-20,기술
인공지능 기술이 다양한 산업에 적용되고 있다,2020-04-20,기술
백신 접종이 시작되며 집단 면역에 대한 기대가 높아졌다,2020-04-21,코로나
화상회의 플랫폼 사용이 급증했다,2020-04-22,재택근무
백신 접종이 시작되며 집단 면역에 대한 기대가 높아졌다,2020-04-26,코로나
코로나19 확진자가 급증하며 방역 조치가 강화되었다,2020-04-29,코로나
사회적 거리두기로 인해 자영업자들이 어려움을 겪고 있다,2020-04-29,코로나
사회적 거리두기로 인해 자영업자들이 어려움을 겪고 있다,2020-05-03,코로나
재택근무가 확산되며 업무 환경이 변화하고 있다,2020-05-03,재택근무
백신 접종이 시작되며 집단 면역에 대한 기대가 높아졌다,2020-05-06,코로나
화상회의 플랫폼 사용이 급증했다,2020-05-08,재택근무
재택근무가 확산되며 업무 환경이 변화하고 있다,2020-05-08,재택근무
인공지능 기술이 다양한 산업에 적용되고 있다,2020-05-12,기술
사회적 거리두기로 인해 자영업자들이 어려움을 겪고 있다,2020-05-13,코로나
사회적 거리두기로 인해 자영업자들이 어려움을 겪고 있다,2020-05-14,코로나
백신 접종이 시작되며 집단 면역에 대한 기대가 높아졌다,2020-05-14,코로나
백신 접종이 시작되며 집단 면역에 대한 기대가 높아졌다,2020-05-14,코로나
사회적 거리두기로 인해 자영업자들이 어려움을 겪고 있다,2020-05-15,코로나
주식 시장이 상승세를 보이며 투자자들의 관심이 높아지고 있다,2020-05-16,경제
인공지능 기술이 다양한 산업에 적용되고 있다,2020-05-17,기술
주식 시장이 상승세를 보이며 투자자들의 관심이 높아지고 있다,2020-05-23,경제
재택근무가 확산되며 업무 환경이 변화하고 있다,2020-05-24,재택근무
백신 접종이 시작되며 집단 면역에 대한 기대가 높아졌다,2020-05-24,코로나
백신 접종이 시작되며 집단 면역에 대한 기대가 높아졌다,2020-05-27,코로나
스마트폰 신제품이 출시되며 소비자 관심이 집중되었다,2020-05-30,기술
사회적 거리두기로 인해 자영업자들이 어려움을 겪고 있다,2020-05-30,코로나
주식 시장이 상승세를 보이며 투자자들의 관심이 높아지고 있다,2020-05-31,경제
재택근무가 확산되며 업무 환경이 변화하고 있다,2020-05-31,재택근무
재택근무가 확산되며 업무 환경이 변화하고 있다,2020-05-31,재택근무
화상회의 플랫폼 사용이 급증했다,2020-06-03,재택근무
백신 접종이 시작되며 집단 면역에 대한 기대가 높아졌다,2020-06-03,코로나
코로나19 확진자가 급증하며 방역 조치가 강화되었다,2020-06-04,코로나
코로나19 확진자가 급증하며 방역 조치가 강화되었다,2020-06-04,코로나
스마트폰 신제품이 출시되며 소비자 관심이 집중되었다,2020-06-04,기술
스마트폰 신제품이 출시되며 소비자 관심이 집중되었다,2020-06-09,기술
인공지능 기술이 다양한 산업에 적용되고 있다,2020-06-09,기술
인공지능 기술이 다양한 산업에 적용되고 있다,2020-06-09,기술
인공지능 기술이 다양한 산업에 적용되고 있다,2020-06-13,기술
사회적 거리두기로 인해 자영업자들이 어려움을 겪고 있다,2020-06-15,코로나
백신 접종이 시작되며 집단 면역에 대한 기대가 높아졌다,2020-06-15,코로나
주식 시장이 상승세를 보이며 투자자들의 관심이 높아지고 있다,2020-06-17,경제
스마트폰 신제품이 출시되며 소비자 관심이 집중되었다,2020-06-19,기술
백신 접종이 시작되며 집단 면역에 대한 기대가 높아졌다,2020-06-23,코로나
사회적 거리두기로 인해 자영업자들이 어려움을 겪고 있다,2020-06-24,코로나
재택근무가 확산되며 업무 환경이 변화하고 있다,2020-06-25,재택근무
수출이 증가하며 무역 흑자가 확대되었다,2020-06-29,경제
스마트폰 신제품이 출시되며 소비자 관심이 집중되었다,2020-06-29,기술
사회적 거리두기로 인해 자영업자들이 어려움을 겪고 있다,2020-06-30,코로나
화상회의 플랫폼 사용이 급증했다,2020-06-30,재택근무
백신 접종이 시작되며 집단 면역에 대한 기대가 높아졌다,2020-07-04,코로나
재택근무가 확산되며 업무 환경이 변화하고 있다,2020-07-07,재택근무
재택근무가 확산되며 업무 환경이 변화하고 있다,2020-07-07,재택근무
수출이 증가하며 무역 흑자가 확대되었다,2020-07-07,경제
스마트폰 신제품이 출시되며 소비자 관심이 집중되었다,2020-07-10,기술
재택근무가 확산되며 업무 환경이 변화하고 있다,2020-07-10,재택근무
재택근무가 확산되며 업무 환경이 변화하고 있다,2020-07-12,재택근무
주식 시장이 상승세를 보이며 투자자들의 관심이 높아지고 있다,2020-07-13,경제
화상회의 플랫폼 사용이 급증했다,2020-07-14,재택근무
중앙은행이 기준금리를 동결하며 경제 안정을 도모했다,2020-07-14,경제
화상회의 플랫폼 사용이 급증했다,2020-07-16,재택근무
코로나19 확진자가 급증하며 방역 조치가 강화되었다,2020-07-16,코로나
주식 시장이 상승세를 보이며 투자자들의 관심이 높아지고 있다,2020-07-17,경제
사회적 거리두기로 인해 자영업자들이 어려움을 겪고 있다,2020-07-18,코로나
스마트폰 신제품이 출시되며 소비자 관심이 집중되었다,2020-07-19,기술
주식 시장이 상승세를 보이며 투자자들의 관심이 높아지고 있다,2020-07-22,경제
재택근무가 확산되며 업무 환경이 변화하고 있다,2020-07-23,재택근무
주식 시장이 상승세를 보이며 투자자들의 관심이 높아지고 있다,2020-07-25,경제
코로나19 확진자가 급증하며 방역 조치가 강화되었다,2020-07-27,코로나
화상회의 플랫폼 사용이 급증했다,2020-07-28,재택근무
백신 접종이 시작되며 집단 면역에 대한 기대가 높아졌다,2020-07-28,코로나
재택근무가 확산되며 업무 환경이 변화하고 있다,2020-07-31,재택근무
수출이 증가하며 무역 흑자가 확대되었다,2020-07-31,경제
스마트폰 신제품이 출시되며 소비자 관심이 집중되었다,2020-07-31,기술
스마트폰 신제품이 출시되며 소비자 관심이 집중되었다,2020-08-01,기술
재택근무가 확산되며 업무 환경이 변화하고 있다,2020-08-03,재택근무
재택근무가 확산되며 업무 환경이 변화하고 있다,2020-08-06,재택근무
주식 시장이 상승세를 보이며 투자자들의 관심이 높아지고 있다,2020-08-07,경제
코로나19 확진자가 급증하며 방역 조치가 강화되었다,2020-08-10,코로나
코로나19 확진자가 급증하며 방역 조치가 강화되었다,2020-08-11,코로나
중앙은행이 기준금리를 동결하며 경제 안정을 도모했다,2020-08-11,경제
사회적 거리두기로 인해 자영업자들이 어려움을 겪고 있다,2020-08-11,코로나
사회적 거리두기로 인해 자영업자들이 어려움을 겪고 있다,2020-08-11,코로나
백신 접종이 시작되며 집단 면역에 대한 기대가 높아졌다,2020-08-14,코로나
코로나19 확진자가 급증하며 방역 조치가 강화되었다,2020-08-14,코로나
인공지능 기술이 다양한 산업에 적용되고 있다,2020-08-15,기술
인공지능 기술이 다양한 산업에 적용되고 있다,2020-08-18,기술
인공지능 기술이 다양한 산업에 적용되고 있다,2020-08-24,기술
화상회의 플랫폼 사용이 급증했다,2020-08-24,재택근무
코로나19 확진자가 급증하며 방역 조치가 강화되었다,2020-08-27,코로나
인공지능 기술이 다양한 산업에 적용되고 있다,2020-08-29,기술
화상회의 플랫폼 사용이 급증했다,2020-09-03,재택근무
백신 접종이 시작되며 집단 면역에 대한 기대가 높아졌다,2020-09-04,코로나
사회적 거리두기로 인해 자영업자들이 어려움을 겪고 있다,2020-09-07,코로나
백신 접종이 시작되며 집단 면역에 대한 기대가 높아졌다,2020-09-11,코로나
스마트폰 신제품이 출시되며 소비자 관심이 집중되었다,2020-09-15,기술
스마트폰 신제품이 출시되며 소비자 관심이 집중되었다,2020-09-15,기술
수출이 증가하며 무역 흑자가 확대되었다,2020-09-15,경제
재택근무가 확산되며 업무 환경이 변화하고 있다,2020-09-16,재택근무
중앙은행이 기준금리를 동결하며 경제 안정을 도모했다,2020-09-19,경제
백신 접종이 시작되며 집단 면역에 대한 기대가 높아졌다,2020-09-20,코로나
화상회의 플랫폼 사용이 급증했다,2020-09-21,재택근무
화상회의 플랫폼 사용이 급증했다,2020-09-23,재택근무
재택근무가 확산되며 업무 환경이 변화하고 있다,2020-09-24,재택근무
사회적 거리두기로 인해 자영업자들이 어려움을 겪고 있다,2020-09-25,코로나
주식 시장이 상승세를 보이며 투자자들의 관심이 높아지고 있다,2020-09-25,경제
백신 접종이 시작되며 집단 면역에 대한 기대가 높아졌다,2020-09-25,코로나
인공지능 기술이 다양한 산업에 적용되고 있다,2020-09-28,기술
스마트폰 신제품이 출시되며 소비자 관심이 집중되었다,2020-09-29,기술
사회적 거리두기로 인해 자영업자들이 어려움을 겪고 있다,2020-10-01,코로나
화상회의 플랫폼 사용이 급증했다,2020-10-04,재택근무
백신 접종이 시작되며 집단 면역에 대한 기대가 높아졌다,2020-10-06,코로나
스마트폰 신제품이 출시되며 소비자 관심이 집중되었다,2020-10-07,기술
수출이 증가하며 무역 흑자가 확대되었다,2020-10-08,경제
백신 접종이 시작되며 집단 면역에 대한 기대가 높아졌다,2020-10-09,코로나
수출이 증가하며 무역 흑자가 확대되었다,2020-10-09,경제
코로나19 확진자가 급증하며 방역 조치가 강화되었다,2020-10-11,코로나
백신 접종이 시작되며 집단 면역에 대한 기대가 높아졌다,2020-10-13,코로나
백신 접종이 시작되며 집단 면역에 대한 기대가 높아졌다,2020-10-14,코로나
화상회의 플랫폼 사용이 급증했다,2020-10-17,재택근무
인공지능 기술이 다양한 산업에 적용되고 있다,2020-10-17,기술
사회적 거리두기로 인해 자영업자들이 어려움을 겪고 있다,2020-10-18,코로나
사회적 거리두기로 인해 자영업자들이 어려움을 겪고 있다,2020-10-21,코로나
화상회의 플랫폼 사용이 급증했다,2020-10-22,재택근무
백신 접종이 시작되며 집단 면역에 대한 기대가 높아졌다,2020-10-23,코로나
스마트폰 신제품이 출시되며 소비자 관심이 집중되었다,2020-10-23,기술
수출이 증가하며 무역 흑자가 확대되었다,2020-10-23,경제
백신 접종이 시작되며 집단 면역에 대한 기대가 높아졌다,2020-10-23,코로나
스마트폰 신제품이 출시되며 소비자 관심이 집중되었다,2020-10-25,기술
화상회의 플랫폼 사용이 급증했다,2020-10-25,재택근무
백신 접종이 시작되며 집단 면역에 대한 기대가 높아졌다,2020-10-26,코로나
수출이 증가하며 무역 흑자가 확대되었다,2020-10-27,경제
스마트폰 신제품이 출시되며 소비자 관심이 집중되었다,2020-10-28,기술
주식 시장이 상승세를 보이며 투자자들의 관심이 높아지고 있다,2020-10-31,경제
인공지능 기술이 다양한 산업에 적용되고 있다,2020-10-31,기술
인공지능 기술이 다양한 산업에 적용되고 있다,2020-11-02,기술
백신 접종이 시작되며 집단 면역에 대한 기대가 높아졌다,2020-11-02,코로나
백신 접종이 시작되며 집단 면역에 대한 기대가 높아졌다,2020-11-02,코로나
코로나19 확진자가 급증하며 방역 조치가 강화되었다,2020-11-03,코로나
수출이 증가하며 무역 흑자가 확대되었다,2020-11-05,경제
재택근무가 확산되며 업무 환경이 변화하고 있다,2020-11-07,재택근무
화상회의 플랫폼 사용이 급증했다,2020-11-12,재택근무
사회적 거리두기로 인해 자영업자들이 어려움을 겪고 있다,2020-11-14,코로나
수출이 증가하며 무역 흑자가 확대되었다,2020-11-15,경제
스마트폰 신제품이 출시되며 소비자 관심이 집중되었다,2020-11-15,기술
스마트폰 신제품이 출시되며 소비자 관심이 집중되었다,2020-11-16,기술
수출이 증가하며 무역 흑자가 확대되었다,2020-11-16,경제
주식 시장이 상승세를 보이며 투자자들의 관심이 높아지고 있다,2020-11-16,경제
백신 접종이 시작되며 집단 면역에 대한 기대가 높아졌다,2020-11-17,코로나
인공지능 기술이 다양한 산업에 적용되고 있다,2020-11-17,기술
화상회의 플랫폼 사용이 급증했다,2020-11-17,재택근무
재택근무가 확산되며 업무 환경이 변화하고 있다,2020-11-18,재택근무
스마트폰 신제품이 출시되며 소비자 관심이 집중되었다,2020-11-19,기술
수출이 증가하며 무역 흑자가 확대되었다,2020-11-20,경제
중앙은행이 기준금리를 동결하며 경제 안정을 도모했다,2020-11-21,경제
화상회의 플랫폼 사용이 급증했다,2020-11-21,재택근무
화상회의 플랫폼 사용이 급증했다,2020-11-23,재택근무
코로나19 확진자가 급증하며 방역 조치가 강화되었다,2020-11-28,코로나
코로나19 확진자가 급증하며 방역 조치가 강화되었다,2020-11-28,코로나
수출이 증가하며 무역 흑자가 확대되었다,2020-11-30,경제
주식 시장이 상승세를 보이며 투자자들의 관심이 높아지고 있다,2020-11-30,경제
화상회의 플랫폼 사용이 급증했다,2020-12-03,재택근무
사회적 거리두기로 인해 자영업자들이 어려움을 겪고 있다,2020-12-03,코로나
수출이 증가하며 무역 흑자가 확대되었다,2020-12-03,경제
스마트폰 신제품이 출시되며 소비자 관심이 집중되었다,2020-12-04,기술
백신 접종이 시작되며 집단 면역에 대한 기대가 높아졌다,2020-12-09,코로나
스마트폰 신제품이 출시되며 소비자 관심이 집중되었다,2020-12-09,기술
주식 시장이 상승세를 보이며 투자자들의 관심이 높아지고 있다,2020-12-10,경제
코로나19 확진자가 급증하며 방역 조치가 강화되었다,2020-12-10,코로나
인공지능 기술이 다양한 산업에 적용되고 있다,2020-12-14,기술
화상회의 플랫폼 사용이 급증했다,2020-12-14,재택근무
화상회의 플랫폼 사용이 급증했다,2020-12-16,재택근무
백신 접종이 시작되며 집단 면역에 대한 기대가 높아졌다,2020-12-19,코로나
인공지능 기술이 다양한 산업에 적용되고 있다,2020-12-20,기술
인공지능 기술이 다양한 산업에 적용되고 있다,2020-12-26,기술
스마트폰 신제품이 출시되며 소비자 관심이 집중되었다,2020-12-26,기술
백신 접종이 시작되며 집단 면역에 대한 기대가 높아졌다,2020-12-27,코로나
화상회의 플랫폼 사용이 급증했다,2020-12-29,재택근무
중앙은행이 기준금리를 동결하며 경제 안정을 도모했다,2020-12-31,경제
주식 시장이 상승세를 보이며 투자자들의 관심이 높아지고 있다,2021-01-01,경제
백신 접종이 시작되며 집단 면역에 대한 기대가 높아졌다,2021-01-02,코로나
주식 시장이 상승세를 보이며 투자자들의 관심이 높아지고 있다,2021-01-03,경제
백신 접종이 시작되며 집단 면역에 대한 기대가 높아졌다,2021-01-04,코로나
재택근무가 확산되며 업무 환경이 변화하고 있다,2021-01-04,재택근무
백신 접종이 시작되며 집단 면역에 대한 기대가 높아졌다,2021-01-05,코로나
재택근무가 확산되며 업무 환경이 변화하고 있다,2021-01-07,재택근무
주식 시장이 상승세를 보이며 투자자들의 관심이 높아지고 있다,2021-01-07,경제
주식 시장이 상승세를 보이며 투자자들의 관심이 높아지고 있다,2021-01-17,경제
수출이 증가하며 무역 흑자가 확대되었다,2021-01-17,경제
스마트폰 신제품이 출시되며 소비자 관심이 집중되었다,2021-01-19,기술
수출이 증가하며 무역 흑자가 확대되었다,2021-01-20,경제
백신 접종이 시작되며 집단 면역에 대한 기대가 높아졌다,2021-01-20,코로나
중앙은행이 기준금리를 동결하며 경제 안정을 도모했다,2021-01-20,경제
인공지능 기술이 다양한 산업에 적용되고 있다,2021-01-21,기술
스마트폰 신제품이 출시되며 소비자 관심이 집중되었다,2021-01-21,기술
화상회의 플랫폼 사용이 급증했다,2021-01-22,재택근무
스마트폰 신제품이 출시되며 소비자 관심이 집중되었다,2021-01-24,기술
수출이 증가하며 무역 흑자가 확대되었다,2021-01-28,경제
인공지능 기술이 다양한 산업에 적용되고 있다,2021-01-28,기술
백신 접종이 시작되며 집단 면역에 대한 기대가 높아졌다,2021-01-28,코로나
인공지능 기술이 다양한 산업에 적용되고 있다,2021-01-30,기술
화상회의 플랫폼 사용이 급증했다,2021-01-31,재택근무
사회적 거리두기로 인해 자영업자들이 어려움을 겪고 있다,2021-02-01,코로나
주식 시장이 상승세를 보이며 투자자들의 관심이 높아지고 있다,2021-02-01,경제
화상회의 플랫폼 사용이 급증했다,2021-02-02,재택근무
인공지능 기술이 다양한 산업에 적용되고 있다,2021-02-02,기술
수출이 증가하며 무역 흑자가 확대되었다,2021-02-02,경제
재택근무가 확산되며 업무 환경이 변화하고 있다,2021-02-05,재택근무
수출이 증가하며 무역 흑자가 확대되었다,2021-02-06,경제
코로나19 확진자가 급증하며 방역 조치가 강화되었다,2021-02-07,코로나
수출이 증가하며 무역 흑자가 확대되었다,2021-02-08,경제
수출이 증가하며 무역 흑자가 확대되었다,2021-02-08,경제
스마트폰 신제품이 출시되며 소비자 관심이 집중되었다,2021-02-08,기술
인공지능 기술이 다양한 산업에 적용되고 있다,2021-02-09,기술
코로나19 확진자가 급증하며 방역 조치가 강화되었다,2021-02-09,코로나
스마트폰 신제품이 출시되며 소비자 관심이 집중되었다,2021-02-11,기술
화상회의 플랫폼 사용이 급증했다,2021-02-14,재택근무
중앙은행이 기준금리를 동결하며 경제 안정을 도모했다,2021-02-14,경제
인공지능 기술이 다양한 산업에 적용되고 있다,2021-02-16,기술
중앙은행이 기준금리를 동결하며 경제 안정을 도모했다,2021-02-16,경제
중앙은행이 기준금리를 동결하며 경제 안정을 도모했다,2021-02-16,경제
코로나19 확진자가 급증하며 방역 조치가 강화되었다,2021-02-17,코로나
백신 접종이 시작되며 집단 면역에 대한 기대가 높아졌다,2021-02-17,코로나
수출이 증가하며 무역 흑자가 확대되었다,2021-02-19,경제
중앙은행이 기준금리를 동결하며 경제 안정을 도모했다,2021-02-21,경제
사회적 거리두기로 인해 자영업자들이 어려움을 겪고 있다,2021-02-21,코로나
재택근무가 확산되며 업무 환경이 변화하고 있다,2021-02-23,재택근무
주식 시장이 상승세를 보이며 투자자들의 관심이 높아지고 있다,2021-02-23,경제
수출이 증가하며 무역 흑자가 확대되었다,2021-02-23,경제
주식 시장이 상승세를 보이며 투자자들의 관심이 높아지고 있다,2021-02-23,경제
주식 시장이 상승세를 보이며 투자자들의 관심이 높아지고 있다,2021-02-28,경제
수출이 증가하며 무역 흑자가 확대되었다,2021-03-04,경제
인공지능 기술이 다양한 산업에 적용되고 있다,2021-03-04,기술
사회적 거리두기로 인해 자영업자들이 어려움을 겪고 있다,2021-03-05,코로나
인공지능 기술이 다양한 산업에 적용되고 있다,2021-03-05,기술
주식 시장이 상승세를 보이며 투자자들의 관심이 높아지고 있다,2021-03-06,경제
재택근무가 확산되며 업무 환경이 변화하고 있다,2021-03-08,재택근무
인공지능 기술이 다양한 산업에 적용되고 있다,2021-03-11,기술
중앙은행이 기준금리를 동결하며 경제 안정을 도모했다,2021-03-12,경제
중앙은행이 기준금리를 동결하며 경제 안정을 도모했다,2021-03-15,경제
사회적 거리두기로 인해 자영업자들이 어려움을 겪고 있다,2021-03-16,코로나
사회적 거리두기로 인해 자영업자들이 어려움을 겪고 있다,2021-03-16,코로나
주식 시장이 상승세를 보이며 투자자들의 관심이 높아지고 있다,2021-03-16,경제
화상회의 플랫폼 사용이 급증했다,2021-03-17,재택근무
중앙은행이 기준금리를 동결하며 경제 안정을 도모했다,2021-03-19,경제
화상회의 플랫폼 사용이 급증했다,2021-03-24,재택근무
인공지능 기술이 다양한 산업에 적용되고 있다,2021-03-26,기술
백신 접종이 시작되며 집단 면역에 대한 기대가 높아졌다,2021-03-26,코로나
스마트폰 신제품이 출시되며 소비자 관심이 집중되었다,2021-03-26,기술
화상회의 플랫폼 사용이 급증했다,2021-03-26,재택근무
수출이 증가하며 무역 흑자가 확대되었다,2021-03-29,경제
스마트폰 신제품이 출시되며 소비자 관심이 집중되었다,2021-03-30,기술
재택근무가 확산되며 업무 환경이 변화하고 있다,2021-03-31,재택근무
인공지능 기술이 다양한 산업에 적용되고 있다,2021-04-01,기술
인공지능 기술이 다양한 산업에 적용되고 있다,2021-04-01,기술
코로나19 확진자가 급증하며 방역 조치가 강화되었다,2021-04-01,코로나
코로나19 확진자가 급증하며 방역 조치가 강화되었다,2021-04-03,코로나
화상회의 플랫폼 사용이 급증했다,2021-04-06,재택근무
스마트폰 신제품이 출시되며 소비자 관심이 집중되었다,2021-04-07,기술
재택근무가 확산되며 업무 환경이 변화하고 있다,2021-04-08,재택근무
수출이 증가하며 무역 흑자가 확대되었다,2021-04-10,경제
주식 시장이 상승세를 보이며 투자자들의 관심이 높아지고 있다,2021-04-10,경제
사회적 거리두기로 인해 자영업자들이 어려움을 겪고 있다,2021-04-13,코로나
코로나19 확진자가 급증하며 방역 조치가 강화되었다,2021-04-15,코로나
인공지능 기술이 다양한 산업에 적용되고 있다,2021-04-15,기술
인공지능 기술이 다양한 산업에 적용되고 있다,2021-04-21,기술
재택근무가 확산되며 업무 환경이 변화하고 있다,2021-04-23,재택근무
코로나19 확진자가 급증하며 방역 조치가 강화되었다,2021-04-25,코로나
백신 접종이 시작되며 집단 면역에 대한 기대가 높아졌다,2021-04-26,코로나
중앙은행이 기준금리를 동결하며 경제 안정을 도모했다,2021-04-27,경제
화상회의 플랫폼 사용이 급증했다,2021-04-28,재택근무
인공지능 기술이 다양한 산업에 적용되고 있다,2021-04-28,기술
스마트폰 신제품이 출시되며 소비자 관심이 집중되었다,2021-05-01,기술
인공지능 기술이 다양한 산업에 적용되고 있다,2021-05-03,기술
사회적 거리두기로 인해 자영업자들이 어려움을 겪고 있다,2021-05-03,코로나
백신 접종이 시작되며 집단 면역에 대한 기대가 높아졌다,2021-05-03,코로나
주식 시장이 상승세를 보이며 투자자들의 관심이 높아지고 있다,2021-05-04,경제
중앙은행이 기준금리를 동결하며 경제 안정을 도모했다,2021-05-06,경제
스마트폰 신제품이 출시되며 소비자 관심이 집중되었다,2021-05-08,기술
중앙은행이 기준금리를 동결하며 경제 안정을 도모했다,2021-05-08,경제
주식 시장이 상승세를 보이며 투자자들의 관심이 높아지고 있다,2021-05-10,경제
백신 접종이 시작되며 집단 면역에 대한 기대가 높아졌다,2021-05-10,코로나
화상회의 플랫폼 사용이 급증했다,2021-05-11,재택근무
스마트폰 신제품이 출시되며 소비자 관심이 집중되었다,2021-05-13,기술
백신 접종이 시작되며 집단 면역에 대한 기대가 높아졌다,2021-05-15,코로나
중앙은행이 기준금리를 동결하며 경제 안정을 도모했다,2021-05-16,경제
스마트폰 신제품이 출시되며 소비자 관심이 집중되었다,2021-05-16,기술
스마트폰 신제품이 출시되며 소비자 관심이 집중되었다,2021-05-18,기술
스마트폰 신제품이 출시되며 소비자 관심이 집중되었다,2021-05-21,기술
스마트폰 신제품이 출시되며 소비자 관심이 집중되었다,2021-05-21,기술
스마트폰 신제품이 출시되며 소비자 관심이 집중되었다,2021-05-22,기술
인공지능 기술이 다양한 산업에 적용되고 있다,2021-05-23,기술
중앙은행이 기준금리를 동결하며 경제 안정을 도모했다,2021-05-25,경제
주식 시장이 상승세를 보이며 투자자들의 관심이 높아지고 있다,2021-05-26,경제
중앙은행이 기준금리를 동결하며 경제 안정을 도모했다,2021-05-26,경제
백신 접종이 시작되며 집단 면역에 대한 기대가 높아졌다,2021-05-30,코로나
중앙은행이 기준금리를 동결하며 경제 안정을 도모했다,2021-05-30,경제
주식 시장이 상승세를 보이며 투자자들의 관심이 높아지고 있다,2021-06-01,경제
화상회의 플랫폼 사용이 급증했다,2021-06-01,재택근무
재택근무가 확산되며 업무 환경이 변화하고 있다,2021-06-02,재택근무
화상회의 플랫폼 사용이 급증했다,2021-06-03,재택근무
주식 시장이 상승세를 보이며 투자자들의 관심이 높아지고 있다,2021-06-04,경제
재택근무가 확산되며 업무 환경이 변화하고 있다,2021-06-05,재택근무
수출이 증가하며 무역 흑자가 확대되었다,2021-06-06,경제
백신 접종이 시작되며 집단 면역에 대한 기대가 높아졌다,2021-06-09,코로나
중앙은행이 기준금리를 동결하며 경제 안정을 도모했다,2021-06-10,경제
수출이 증가하며 무역 흑자가 확대되었다,2021-06-10,경제
스마트폰 신제품이 출시되며 소비자 관심이 집중되었다,2021-06-10,기술
사회적 거리두기로 인해 자영업자들이 어려움을 겪고 있다,2021-06-12,코로나
재택근무가 확산되며 업무 환경이 변화하고 있다,2021-06-15,재택근무
수출이 증가하며 무역 흑자가 확대되었다,2021-06-17,경제
화상회의 플랫폼 사용이 급증했다,2021-06-17,재택근무
주식 시장이 상승세를 보이며 투자자들의 관심이 높아지고 있다,2021-06-18,경제
주식 시장이 상승세를 보이며 투자자들의 관심이 높아지고 있다,2021-06-19,경제
코로나19 확진자가 급증하며 방역 조치가 강화되었다,2021-06-21,코로나
중앙은행이 기준금리를 동결하며 경제 안정을 도모했다,2021-06-21,경제
주식 시장이 상승세를 보이며 투자자들의 관심이 높아지고 있다,2021-06-30,경제
수출이 증가하며 무역 흑자가 확대되었다,2021-06-30,경제
주식 시장이 상승세를 보이며 투자자들의 관심이 높아지고 있다,2021-07-02,경제
인공지능 기술이 다양한 산업에 적용되고 있다,2021-07-02,기술
중앙은행이 기준금리를 동결하며 경제 안정을 도모했다,2021-07-02,경제
스마트폰 신제품이 출시되며 소비자 관심이 집중되었다,2021-07-03,기술
주식 시장이 상승세를 보이며 투자자들의 관심이 높아지고 있다,2021-07-05,경제
주식 시장이 상승세를 보이며 투자자들의 관심이 높아지고 있다,2021-07-06,경제
사회적 거리두기로 인해 자영업자들이 어려움을 겪고 있다,2021-07-07,코로나
인공지능 기술이 다양한 산업에 적용되고 있다,2021-07-07,기술
화상회의 플랫폼 사용이 급증했다,2021-07-09,재택근무
스마트폰 신제품이 출시되며 소비자 관심이 집중되었다,2021-07-09,기술
백신 접종이 시작되며 집단 면역에 대한 기대가 높아졌다,2021-07-10,코로나
수출이 증가하며 무역 흑자가 확대되었다,2021-07-12,경제
재택근무가 확산되며 업무 환경이 변화하고 있다,2021-07-15,재택근무
코로나19 확진자가 급증하며 방역 조치가 강화되었다,2021-07-17,코로나
수출이 증가하며 무역 흑자가 확대되었다,2021-07-18,경제
코로나19 확진자가 급증하며 방역 조치가 강화되었다,2021-07-19,코로나
주식 시장이 상승세를 보이며 투자자들의 관심이 높아지고 있다,2021-07-22,경제
인공지능 기술이 다양한 산업에 적용되고 있다,2021-07-22,기술
코로나19 확진자가 급증하며 방역 조치가 강화되었다,2021-07-25,코로나
백신 접종이 시작되며 집단 면역에 대한 기대가 높아졌다,2021-07-28,코로나
주식 시장이 상승세를 보이며 투자자들의 관심이 높아지고 있다,2021-07-31,경제
화상회의 플랫폼 사용이 급증했다,2021-08-04,재택근무
수출이 증가하며 무역 흑자가 확대되었다,2021-08-04,경제
스마트폰 신제품이 출시되며 소비자 관심이 집중되었다,2021-08-04,기술
재택근무가 확산되며 업무 환경이 변화하고 있다,2021-08-05,재택근무
주식 시장이 상승세를 보이며 투자자들의 관심이 높아지고 있다,2021-08-09,경제
주식 시장이 상승세를 보이며 투자자들의 관심이 높아지고 있다,2021-08-09,경제
화상회의 플랫폼 사용이 급증했다,2021-08-09,재택근무
인공지능 기술이 다양한 산업에 적용되고 있다,2021-08-11,기술
수출이 증가하며 무역 흑자가 확대되었다,2021-08-12,경제
주식 시장이 상승세를 보이며 투자자들의 관심이 높아지고 있다,2021-08-13,경제
코로나19 확진자가 급증하며 방역 조치가 강화되었다,2021-08-13,코로나
중앙은행이 기준금리를 동결하며 경제 안정을 도모했다,2021-08-13,경제
인공지능 기술이 다양한 산업에 적용되고 있다,2021-08-14,기술
재택근무가 확산되며 업무 환경이 변화하고 있다,2021-08-14,재택근무
주식 시장이 상승세를 보이며 투자자들의 관심이 높아지고 있다,2021-08-15,경제
중앙은행이 기준금리를 동결하며 경제 안정을 도모했다,2021-08-15,경제
스마트폰 신제품이 출시되며 소비자 관심이 집중되었다,2021-08-15,기술
재택근무가 확산되며 업무 환경이 변화하고 있다,2021-08-15,재택근무
중앙은행이 기준금리를 동결하며 경제 안정을 도모했다,2021-08-16,경제
사회적 거리두기로 인해 자영업자들이 어려움을 겪고 있다,2021-08-18,코로나
중앙은행이 기준금리를 동결하며 경제 안정을 도모했다,2021-08-21,경제
중앙은행이 기준금리를 동결하며 경제 안정을 도모했다,2021-08-21,경제
코로나19 확진자가 급증하며 방역 조치가 강화되었다,2021-08-25,코로나
사회적 거리두기로 인해 자영업자들이 어려움을 겪고 있다,2021-08-26,코로나
스마트폰 신제품이 출시되며 소비자 관심이 집중되었다,2021-08-26,기술
중앙은행이 기준금리를 동결하며 경제 안정을 도모했다,2021-08-27,경제
스마트폰 신제품이 출시되며 소비자 관심이 집중되었다,2021-08-28,기술
스마트폰 신제품이 출시되며 소비자 관심이 집중되었다,2021-08-29,기술
스마트폰 신제품이 출시되며 소비자 관심이 집중되었다,2021-08-30,기술
수출이 증가하며 무역 흑자가 확대되었다,2021-08-31,경제
스마트폰 신제품이 출시되며 소비자 관심이 집중되었다,2021-09-04,기술
수출이 증가하며 무역 흑자가 확대되었다,2021-09-04,경제
주식 시장이 상승세를 보이며 투자자들의 관심이 높아지고 있다,2021-09-07,경제
사회적 거리두기로 인해 자영업자들이 어려움을 겪고 있다,2021-09-07,코로나
백신 접종이 시작되며 집단 면역에 대한 기대가 높아졌다,2021-09-08,코로나
재택근무가 확산되며 업무 환경이 변화하고 있다,2021-09-11,재택근무
화상회의 플랫폼 사용이 급증했다,2021-09-11,재택근무
스마트폰 신제품이 출시되며 소비자 관심이 집중되었다,2021-09-12,기술
화상회의 플랫폼 사용이 급증했다,2021-09-13,재택근무
중앙은행이 기준금리를 동결하며 경제 안정을 도모했다,2021-09-15,경제
화상회의 플랫폼 사용이 급증했다,2021-09-15,재택근무
인공지능 기술이 다양한 산업에 적용되고 있다,2021-09-16,기술
수출이 증가하며 무역 흑자가 확대되었다,2021-09-16,경제
코로나19 확진자가 급증하며 방역 조치가 강화되었다,2021-09-18,코로나
코로나19 확진자가 급증하며 방역 조치가 강화되었다,2021-09-19,코로나
주식 시장이 상승세를 보이며 투자자들의 관심이 높아지고 있다,2021-09-19,경제
사회적 거리두기로 인해 자영업자들이 어려움을 겪고 있다,2021-09-20,코로나
인공지능 기술이 다양한 산업에 적용되고 있다,2021-09-21,기술
수출이 증가하며 무역 흑자가 확대되었다,2021-09-21,경제
주식 시장이 상승세를 보이며 투자자들의 관심이 높아지고 있다,2021-09-23,경제
재택근무가 확산되며 업무 환경이 변화하고 있다,2021-09-24,재택근무
주식 시장이 상승세를 보이며 투자자들의 관심이 높아지고 있다,2021-09-29,경제
재택근무가 확산되며 업무 환경이 변화하고 있다,2021-10-01,재택근무
백신 접종이 시작되며 집단 면역에 대한 기대가 높아졌다,2021-10-01,코로나
주식 시장이 상승세를 보이며 투자자들의 관심이 높아지고 있다,2021-10-02,경제
백신 접종이 시작되며 집단 면역에 대한 기대가 높아졌다,2021-10-03,코로나
스마트폰 신제품이 출시되며 소비자 관심이 집중되었다,2021-10-05,기술
스마트폰 신제품이 출시되며 소비자 관심이 집중되었다,2021-10-05,기술
코로나19 확진자가 급증하며 방역 조치가 강화되었다,2021-10-06,코로나
인공지능 기술이 다양한 산업에 적용되고 있다,2021-10-06,기술
스마트폰 신제품이 출시되며 소비자 관심이 집중되었다,2021-10-07,기술
화상회의 플랫폼 사용이 급증했다,2021-10-09,재택근무
중앙은행이 기준금리를 동결하며 경제 안정을 도모했다,2021-10-09,경제
화상회의 플랫폼 사용이 급증했다,2021-10-09,재택근무
중앙은행이 기준금리를 동결하며 경제 안정을 도모했다,2021-10-10,경제
사회적 거리두기로 인해 자영업자들이 어려움을 겪고 있다,2021-10-11,코로나
재택근무가 확산되며 업무 환경이 변화하고 있다,2021-10-11,재택근무
사회적 거리두기로 인해 자영업자들이 어려움을 겪고 있다,2021-10-11,코로나
중앙은행이 기준금리를 동결하며 경제 안정을 도모했다,2021-10-13,경제
재택근무가 확산되며 업무 환경이 변화하고 있다,2021-10-13,재택근무
중앙은행이 기준금리를 동결하며 경제 안정을 도모했다,2021-10-16,경제
주식 시장이 상승세를 보이며 투자자들의 관심이 높아지고 있다,2021-10-16,경제
재택근무가 확산되며 업무 환경이 변화하고 있다,2021-10-16,재택근무
백신 접종이 시작되며 집단 면역에 대한 기대가 높아졌다,2021-10-17,코로나
중앙은행이 기준금리를 동결하며 경제 안정을 도모했다,2021-10-17,경제
수출이 증가하며 무역 흑자가 확대되었다,2021-10-17,경제
백신 접종이 시작되며 집단 면역에 대한 기대가 높아졌다,2021-10-18,코로나
사회적 거리두기로 인해 자영업자들이 어려움을 겪고 있다,2021-10-19,코로나
재택근무가 확산되며 업무 환경이 변화하고 있다,2021-10-21,재택근무
스마트폰 신제품이 출시되며 소비자 관심이 집중되었다,2021-10-21,기술
백신 접종이 시작되며 집단 면역에 대한 기대가 높아졌다,2021-10-22,코로나
백신 접종이 시작되며 집단 면역에 대한 기대가 높아졌다,2021-10-23,코로나
백신 접종이 시작되며 집단 면역에 대한 기대가 높아졌다,2021-10-25,코로나
인공지능 기술이 다양한 산업에 적용되고 있다,2021-10-27,기술
중앙은행이 기준금리를 동결하며 경제 안정을 도모했다,2021-10-28,경제
수출이 증가하며 무역 흑자가 확대되었다,2021-10-28,경제
화상회의 플랫폼 사용이 급증했다,2021-10-30,재택근무
중앙은행이 기준금리를 동결하며 경제 안정을 도모했다,2021-10-30,경제
스마트폰 신제품이 출시되며 소비자 관심이 집중되었다,2021-10-30,기술
화상회의 플랫폼 사용이 급증했다,2021-11-01,재택근무
화상회의 플랫폼 사용이 급증했다,2021-11-01,재택근무
주식 시장이 상승세를 보이며 투자자들의 관심이 높아지고 있다,2021-11-09,경제
재택근무가 확산되며 업무 환경이 변화하고 있다,2021-11-09,재택근무
사회적 거리두기로 인해 자영업자들이 어려움을 겪고 있다,2021-11-09,코로나
스마트폰 신제품이 출시되며 소비자 관심이 집중되었다,2021-11-09,기술
수출이 증가하며 무역 흑자가 확대되었다,2021-11-10,경제
스마트폰 신제품이 출시되며 소비자 관심이 집중되었다,2021-11-14,기술
화상회의 플랫폼 사용이 급증했다,2021-11-20,재택근무
사회적 거리두기로 인해 자영업자들이 어려움을 겪고 있다,2021-11-22,코로나
주식 시장이 상승세를 보이며 투자자들의 관심이 높아지고 있다,2021-11-28,경제
사회적 거리두기로 인해 자영업자들이 어려움을 겪고 있다,2021-11-28,코로나
중앙은행이 기준금리를 동결하며 경제 안정을 도모했다,2021-11-28,경제
사회적 거리두기로 인해 자영업자들이 어려움을 겪고 있다,2021-11-28,코로나
인공지능 기술이 다양한 산업에 적용되고 있다,2021-11-29,기술
화상회의 플랫폼 사용이 급증했다,2021-11-29,재택근무
스마트폰 신제품이 출시되며 소비자 관심이 집중되었다,2021-11-29,기술
주식 시장이 상승세를 보이며 투자자들의 관심이 높아지고 있다,2021-11-30,경제
화상회의 플랫폼 사용이 급증했다,2021-12-01,재택근무
사회적 거리두기로 인해 자영업자들이 어려움을 겪고 있다,2021-12-01,코로나
주식 시장이 상승세를 보이며 투자자들의 관심이 높아지고 있다,2021-12-02,경제
재택근무가 확산되며 업무 환경이 변화하고 있다,2021-12-03,재택근무
백신 접종이 시작되며 집단 면역에 대한 기대가 높아졌다,2021-12-05,코로나
코로나19 확진자가 급증하며 방역 조치가 강화되었다,2021-12-05,코로나
주식 시장이 상승세를 보이며 투자자들의 관심이 높아지고 있다,2021-12-08,경제
인공지능 기술이 다양한 산업에 적용되고 있다,2021-12-10,기술
인공지능 기술이 다양한 산업에 적용되고 있다,2021-12-12,기술
인공지능 기술이 다양한 산업에 적용되고 있다,2021-12-12,기술
백신 접종이 시작되며 집단 면역에 대한 기대가 높아졌다,2021-12-12,코로나
중앙은행이 기준금리를 동결하며 경제 안정을 도모했다,2021-12-12,경제
화상회의 플랫폼 사용이 급증했다,2021-12-13,재택근무
스마트폰 신제품이 출시되며 소비자 관심이 집중되었다,2021-12-17,기술
주식 시장이 상승세를 보이며 투자자들의 관심이 높아지고 있다,2021-12-17,경제
사회적 거리두기로 인해 자영업자들이 어려움을 겪고 있다,2021-12-18,코로나
코로나19 확진자가 급증하며 방역 조치가 강화되었다,2021-12-18,코로나
사회적 거리두기로 인해 자영업자들이 어려움을 겪고 있다,2021-12-19,코로나
인공지능 기술이 다양한 산업에 적용되고 있다,2021-12-22,기술
코로나19 확진자가 급증하며 방역 조치가 강화되었다,2021-12-23,코로나
사회적 거리두기로 인해 자영업자들이 어려움을 겪고 있다,2021-12-24,코로나
중앙은행이 기준금리를 동결하며 경제 안정을 도모했다,2021-12-28,경제
인공지능 기술이 다양한 산업에 적용되고 있다,2021-12-29,기술
화상회의 플랫폼 사용이 급증했다,2021-12-29,재택근무
